"NAME","CERTNO","ADDRESS","WEALTH"
"Breck Eisner                  ","99820","990 Clarendon Terrace","29"
"Fernando Meirelles            ","55888","57236 Manitowish Circle","18"
"Mike Binder                   ","135495","35447 Fair Oaks Plaza","69"
"Joseph Vilsmaier              ","133208","35 Lien Junction","74"
"Anton Corbijn                 ","117168","07924 Aberg Road","57"
"John Madden                   ","37958","2 Larry Way","27"
"Fatih Akin                    ","29705","2 Jay Street","36"
"Dror Zahavi                   ","22772","97471 Mesta Terrace","98"
"Joachim Roenning              ","96960","9396 Sundown Plaza","48"
"Geoff Bennett                 ","136839","5 Bashford Pass","45"
"Brian De Palma                ","66760","9 Buena Vista Lane","98"
"John Musker                   ","74070","3 Bluejay Street","64"
"David Dobkin                  ","997","3007 Caliangt Circle","71"
"Florent Siri                  ","8420","64 Bashford Point","10"
"Thomas Bezucha                ","250295","00661 Sunbrook Crossing","16"
"Scott Hicks                   ","169579","9405 Sunbrook Trail","29"
"Markus Imboden                ","226382","5053 Logan Trail","17"
"Kevin MacDonald               ","35316","4411 Declaration Way","66"
"Frank Miller                  ","207534","23 Sutteridge Road","34"
"Sam Raimi                     ","72059","61 Jenna Crossing","52"
"Sven Unterwaldt               ","272155","43742 Kennedy Pass","51"
"Sharon Maguire                ","204047","0 Moulton Park","99"
"Robert De Niro                ","135311","06861 Maple Point","91"
"Neill Blomkamp                ","1002","4 Jana Way","48"
"Michael Hegner                ","33925","081 Tennessee Junction","1"
"Randall Wallace               ","35865","70 Buena Vista Terrace","52"
"Christian Duguay              ","245075","0 Dixon Parkway","40"
"Eric Bress                    ","165365","90 Michigan Center","29"
"Lewis Gilbert                 ","255812","3 Arkansas Avenue","88"
"Alex Proyas                   ","133872","838 Westport Crossing","28"
"Joel & Ethan Coen             ","42382","9131 Donald Street","10"
"Alexander Witt                ","247050","417 Muir Lane","34"
"Matthew Vaughn                ","290075","8925 Union Junction","84"
"David Cronenberg              ","98494","4674 Holmberg Lane","38"
"Joseph Ruben                  ","70837","36 Northland Street","67"
"Thilo Graf Rothkirch          ","261493","49420 Columbus Road","95"
"Steve Beck                    ","198631","858 Dennis Park","91"
"ABC Studios                   ","12424","504 Hermina Plaza","92"
"Ron Shelton                   ","73369","3 Swallow Terrace","46"
"Alejandro Agresti             ","258084","972 Morning Park","41"
"Tim Johnson, Karey Kirkpatrick","110474","9 Golf Course Circle","2"
"Ted Demme                     ","123727","0722 Hayes Trail","18"
"John R. Leonetti              ","187334","6181 Manufacturers Terrace","70"
"Brad Silberling               ","129773","43813 Northridge Trail","56"
"Richard Dale                  ","28897","115 Ridgeway Plaza","20"
"Sam Mendes                    ","202798","3 Rieder Plaza","75"
"Fred Schepisi                 ","251177","2838 Park Meadow Parkway","77"
"Clint Eastwood                ","221634","3 Chinook Plaza","72"
"Dylan Kidd                    ","74551","186 Evergreen Alley","61"
"Robert Zemeckis               ","169871","71353 Village Green Trail","97"
"Louis Leterrier               ","118602","625 Graedel Junction","61"
"Peter Flinth                  ","77165","0 Goodland Terrace","95"
"Gus Van Sant                  ","170857","85 Shoshone Parkway","75"
"Zdenek Miler                  ","135534","8 Burrows Avenue","7"
"Craig Rosenberg               ","107830","84 Dexter Point","12"
"Vincent Ward                  ","119465","1177 Pennsylvania Pass","96"
"Donald Petrie                 ","142832","43 Debra Parkway","72"
"Joe Wright                    ","60432","32 Corben Road","15"
"Alejandro González Iñárritu   ","40978","2 Pond Park","19"
"Edward Zwick                  ","39904","8523 Springs Center","75"
"Jon Turteltaub                ","55521","8 Stang Trail","3"
"Roland Emmerich               ","235900","539 Norway Maple Junction","92"
"James Foley                   ","289277","433 Sloan Lane","96"
"Shekhar Kapur                 ","48694","28466 Debs Avenue","70"
"Eric Bross                    ","101697","02465 Dixon Center","48"
"David Twohy                   ","39034","79 Granby Plaza","31"
"James McTeigue                ","43405","81 Hermina Crossing","93"
"Ed Zwick                      ","67740","53 Norway Maple Road","52"
"Gavin Hood                    ","74254","96161 Mockingbird Point","52"
"Ang Lee                       ","192638","2814 Continental Road","70"
"Anders Nilsson                ","36343","0243 Thackeray Circle","61"
"Agustin Diaz Yanes            ","171723","89190 Talisman Parkway","10"
"Sönke Wortmann                ","293899","9165 Mallory Parkway","81"
"Beeban Kidron                 ","110012","19 Dennis Way","60"
"Walter Salles                 ","269246","76 Bayside Junction","18"
"John Glen                     ","20377","28869 Crest Line Terrace","33"
"Barry Levinson                ","273091","63 Becker Circle","4"
"Lawrence Kasdan               ","20317","440 Onsgard Alley","31"
"Oliver Hirschbiegel           ","293000","438 Village Road","73"
"John Woo                      ","13933","980 Dunning Alley","33"
"Paul Anderson                 ","149796","306 Transport Court","14"
"Simon West                    ","49562","3008 Dexter Alley","44"
"Len Wiseman                   ","124338","849 Hayes Court","88"
"Tommy Wirkola                 ","286309","0524 Wayridge Road","59"
"Alex de la Iglesia            ","116676","6859 Marquette Court","17"
"Wachowski Brothers            ","108946","9310 Waywood Place","70"
"Andy Tennant                  ","28305","621 Montana Junction","48"
"Guy Ritchie                   ","133105","50560 Graceland Center","35"
"Mark Waters                   ","99824","695 Crowley Court","99"
"Richard Curtis                ","121246","2 Monument Avenue","56"
"Daniel Espinosa               ","12417","2618 Linden Lane","22"
"Twentieth Century Fox         ","212734","94 Westend Avenue","75"
"John Robins                   ","184764","304 Columbus Trail","6"
"Alfonso Cuarón                ","64193","1168 Dixon Terrace","4"
"Gil Junger                    ","230803","2792 Becker Road","20"
"Mark Herman                   ","1000","9877 Sachs Plaza","78"
"John Maybury                  ","179189","71 Bonner Point","30"
"Anthonyghella                 ","291813","7 Cody Court","44"
"David R. Ellis                ","51359","4372 Anniversary Hill","20"
"Franklin J. Schaffner         ","32935","53 Green Ridge Alley","50"
"Robert Stevenson              ","162492","117 Center Hill","38"
"Catherine Hardwicke           ","91667","000 Birchwood Terrace","1"
"Giuseppe Tornatore            ","17024","18560 Arizona Drive","8"
"Karl Zwicky                   ","54343","086 Sutherland Lane","39"
"George Miller                 ","13869","666 Burning Wood Center","40"
"Gordon Parks Sr.              ","17025","2043 Springs Street","4"
"Robert Singer                 ","17448","23 Delaware Court","84"
"John Hamburg                  ","14761","315 Blue Bill Park Street","27"
"Tony Giglio                   ","188847","8950 Chinook Junction","29"
"Baltasar Kormákur             ","152733","8959 Anniversary Pass","3"
"Luc Besson                    ","255112","67440 Crest Line Alley","37"
"Iain Softley                  ","186933","4239 Walton Avenue","63"
"Lee Tamahori                  ","125607","294 Nancy Pass","51"
"Reto Salimbeni                ","212661","18 Nova Plaza","13"
"John Frankenheimer            ","270268","30985 Oriole Hill","80"
"Reuben Leder                  ","268433","78364 Schurz Trail","89"
"Robert Redford                ","169673","077 Reindahl Trail","97"
"Charles Ferguson              ","65310","710 Clemons Drive","17"
"John Moore                    ","109292","1429 Continental Court","86"
"Danny Boyle                   ","51481","3 Aberg Parkway","25"
"Oliver Stone                  ","53526","0 Burrows Parkway","94"
"Til Schweiger                 ","227922","777 Roth Plaza","73"
"Steven Soderbergh             ","90963","515 Towne Park","41"
"Chris Weitz                   ","216368","32 Schlimgen Place","21"
"Carlos Saldanha               ","245436","566 Green Terrace","41"
"Stefen Fangmeier              ","263751","97736 Pankratz Road","72"
"Peter Berg                    ","284879","7 Bay Plaza","67"
"Wolfgang Petersen             ","6962","281 Hazelcrest Plaza","37"
"Felix Fuchssteiner            ","6965","32541 Marquette Road","70"
"M. Night Shyamalan            ","19179","67533 Fieldstone Parkway","92"
"Peter Kosminsky               ","153454","09523 Helena Crossing","99"
"Stephen Norrington            ","229674","57893 Mockingbird Point","89"
"Hansjörg Thurn                ","270957","71286 Menomonie Alley","59"
"Norman Jewison                ","78240","0 Meadow Vale Hill","84"
"Brian Smith                   ","89560","361 Summerview Junction","15"
"ARD-TV-Produktion             ","211644","7241 Utah Drive","57"
"Bernard Rose                  ","245106","7839 Goodland Drive","59"
"Richard Linklater             ","104934","7869 Anzinger Drive","47"
"Doug Liman                    ","244989","64 Lunder Crossing","79"
"Matthew O'Callaghan           ","210109","8 Bashford Park","25"
"Guy Hamilton                  ","246976","394 Brown Center","65"
"David Jacobson                ","107864","44 Clarendon Terrace","51"
"David Fincher                 ","135303","244 New Castle Way","13"
"Nicolas Winding Refn          ","147162","24 Fieldstone Junction","5"
"Nora Ephron                   ","147195","87599 Anderson Hill","35"
"Ethan Coen                    ","267435","537 Manitowish Hill","22"
"Alejandro Amenabar            ","27017","848 Lakewood Gardens Junction","40"
"Universal Studios             ","116038","405 Calypso Junction","68"
"Fredi M. Murer                ","58274","0 Hollow Ridge Street","62"
"Shane Black                   ","278417","043 Clyde Gallagher Drive","67"
"Eric Darnell                  ","173611","87 Mcguire Point","32"
"New Line Cinema               ","274777","074 Lyons Street","46"
"Patty Jenkins                 ","126212","1220 Monument Trail","17"
"Francis Ford Coppola          ","240313","2075 Iowa Alley","46"
"Lasse Hallström               ","270578","392 Bartillon Park","35"
"Andrew Adamson                ","196513","14 Northland Circle","10"
"Christopher Nolan             ","72919","85 Forest Dale Place","72"
"Richard Donner                ","35899","18152 New Castle Circle","77"
"Europai                       ","215148","3039 Anniversary Park","70"
"Paul & Chris Weitz            ","30364","7 Lake View Lane","67"
"Michael Bully Herbig          ","61334","6 Merry Plaza","9"
"TV-Serie                      ","30487","61 Mayfield Terrace","69"
"Tom Hooper                    ","109175","04248 Old Gate Terrace","26"
"Kevin Reynolds                ","6964","2 Thierer Road","79"
"Neil LaBute                   ","269837","1 Riverside Road","37"
"Ben Stiller                   ","73450","967 Manley Plaza","52"
"Rob Marshall                  ","197647","1244 Badeau Junction","5"
"Joseph Owens                  ","56022181096331300","96161 Mockingbird Point","52"
"Karen Clark                   ","30277129863062","2814 Continental Road","70"
"Julie Cooper                  ","5602240496946240","9 Buena Vista Lane","98"
"Fred Owens                    ","3542830860862770","781 Beilfuss Street","28"
"Brenda Cox                    ","3532078251827140","03 Waxwing Pass","21"
"Christine Wells               ","3582438295712580","76 Bayside Junction","18"
"Anne Simpson                  ","5048377395366020","8382 Pankratz Plaza","81"
"Cynthia Washington            ","4911704573710330000","47 Welch Trail","77"
"Todd Kelley                   ","5602243524703290","9594 1st Trail","15"
"Judy Garcia                   ","3568493134427020","306 Transport Court","14"
"Virginia Morgan               ","3565389306745840","849 Hayes Court","88"
"Frances Robertson             ","3532421337346160","9310 Waywood Place","70"
"Lois Griffin                  ","201972006214016","17077 Lakewood Way","40"
"Bobby Welch                   ","3559299869179140","621 Montana Junction","48"
"Martin Miller                 ","5602215903700960000","08 Forest Center","31"
"Eugene Fowler                 ","3539756972339030","30816 Milwaukee Plaza","78"
"Debra Peterson                ","3533445299917910","7 Lake View Lane","67"
"Irvin Kershner                ","211559","4 Upham Street","6"
"Tony Scott                    ","270391","35 Monterey Terrace","66"
"Roman Polanski                ","224205","64497 Sullivan Drive","94"
"Xavier Ruiz                   ","145006","65 Merry Circle","65"
"Jeremy Podeswa                ","31006","4 Fuller Trail","71"
"Steve Loter                   ","59516","7 Magdeline Terrace","23"
"James Watkins                 ","253145","357 Grasskamp Lane","33"
"Marton / Annakin              ","123287","9363 Brickson Park Avenue","83"
"Justin Chadwick               ","258246","4 Lindbergh Circle","27"
"Géza von Bolváry              ","258333","849 Fremont Park","99"
"Debra Nelson                  ","5492395778197660","2792 Becker Road","20"
"Heather Boyd                  ","5602245765189340","13474 Debra Road","94"
"Kevin Jordan                  ","378384732196698","2075 Iowa Alley","46"
"Justin Allen                  ","30402224210825","5 Fair Oaks Place","25"
"Jane Hamilton                 ","3565808016365410","4 Fuller Trail","71"
"Kathryn Lawrence              ","201916941271987","7 Magdeline Terrace","23"
"Kimberly Evans                ","63044415868674800","21 Bobwhite Place","34"
"Judy Grant                    ","5465205901391810","145 Northland Park","72"
"Paul Williamson               ","3570428048617890","8414 Doe Crossing Parkway","6"
"Billy Hunter                  ","4936816976808710000","96924 Lakeland Center","49"
"Ashley Gray                   ","5610986212986280000","893 Sugar Pass","29"
"Nancy Myers                   ","3578201623776180","174 Johnson Court","27"
"Denise Powell                 ","4911303325601790","8508 Hovde Parkway","72"
"Ruby Ray                      ","5100177732383220","4277 Tony Alley","54"
"Ernest Peterson               ","4175004331217390","61 Hoffman Junction","84"
"Anna Torres                   ","4041596640433","0243 Thackeray Circle","61"
"Gary Butler                   ","3546066171418810","3007 Caliangt Circle","71"
"Debra Lewis                   ","4017957368489050","00661 Sunbrook Crossing","16"
"Todd Burton                   ","3528309365366940","3008 Dexter Alley","44"
"Tammy Wright                  ","3572819176457120","64 Heffernan Way","7"
"Henry Frazier                 ","6377213802962710","0524 Wayridge Road","59"
"Kelly Martin                  ","30422892554379","4411 Declaration Way","66"
"Lillian Lee                   ","374288950742659","61 Jenna Crossing","52"
"Anthony Evans                 ","3564220530996180","0 Moulton Park","99"
"William Gardner               ","3532303840222200","47 Killdeer Lane","93"
"Robin Carpenter               ","3562706360661100","4402 Utah Center","60"
"Donald Edwards                ","5565885744095450","8925 Union Junction","84"
"Douglas West                  ","30387708104992","1220 Monument Trail","17"
"Theresa Kelly                 ","63043439897271600","873 Annamark Terrace","84"
"Nicholas Collins              ","3543943889912550","972 Morning Park","41"
"Anna Olson                    ","56022110636493200","4 Lindbergh Circle","27"
"Douglas Young                 ","491101188409214000","4 Northview Court","8"
"Evelyn Henry                  ","633395977160924000","05 Northland Plaza","44"
"Irene Carroll                 ","3545735689924520","8285 Helena Center","6"
"Ryan Campbell                 ","560223870611558000","37 Lighthouse Bay Lane","87"
"Thomas Armstrong              ","633378920830949000","9 Declaration Parkway","70"
"Brian Dean                    ","3571298210025680","01817 Birchwood Lane","100"
"Evelyn Brown                  ","50208268371784400","6 Springs Plaza","30"
"Carolyn Barnes                ","3548274854846990","18152 New Castle Circle","77"
"Lawrence George               ","3537218393300260","89190 Talisman Parkway","10"
"Jean Morris                   ","3544626780900320","82 Northwestern Park","73"
"Brian Burton                  ","6331106754020700","28869 Crest Line Terrace","33"
"Chris Harris                  ","6767915309231390","0 Canary Pass","99"
"Martha Hicks                  ","6304464474875560000","63 Becker Circle","4"
"Denise Payne                  ","3528004958293960","1185 Blackbird Way","76"
"Michael Jenkins               ","5602237811123400000","92684 American Ash Park","99"
"Katherine Rodriguez           ","3549382872164180","2311 Boyd Trail","56"
"Melissa Washington            ","3529418856374740","74103 Colorado Terrace","16"
"Kenneth Chavez                ","63046519607441100","06 Dwight Terrace","4"
"Anna Olson                    ","3535922121006940","6 Merry Plaza","9"
"Earl Alexander                ","3567380968409240","043 Clyde Gallagher Drive","67"
"Paula Cox                     ","3536555382371120","6712 Sullivan Court","87"
"Louise Simpson                ","4041596454128450","392 Bartillon Park","35"
"Eugene Perez                  ","4770989492184430","805 Eastwood Trail","40"
"Julia Hicks                   ","3580525647873660","3704 Everett Terrace","61"
"Douglas Campbell              ","5602219786829010","733 Pleasure Trail","81"
"Brian Cooper                  ","3538962557807190","36355 Harbort Hill","34"
"Jack Cole                     ","6767115307334690000","91 Mendota Circle","47"
"Dennis Jones                  ","4037420055098370","1 Lawn Pass","96"
"Bobby Castillo                ","5333227455591220","2071 Atwood Trail","92"
"Bobby Washington              ","376427721633569","81 Sycamore Lane","97"
"Lillian Reid                  ","4508711123760770","3470 Bayside Center","35"
"Sara Peterson                 ","3552050463402470","02182 Melrose Lane","33"
"Amy Williams                  ","4905320532073910000","75229 Straubel Trail","18"
"Patrick Rice                  ","56022249670004600","1237 Hintze Junction","75"
"Arthur Fowler                 ","5048379742925220","5 Bashford Pass","45"
"Amy Carter                    ","604014044691427","6342 Sutherland Place","28"
"Ryan Baker                    ","3532927758549130","19 Dennis Way","60"
"Andrea Taylor                 ","345586469413738","68238 Doe Crossing Plaza","6"
"Maria Henderson               ","5007663028681380","4 Dryden Point","64"
"Deborah West                  ","3535274418801070","3039 Anniversary Park","70"
"Steve Patterson               ","370503559154823","94 Butternut Way","72"
"Todd Young                    ","374622209029437","112 Straubel Place","33"
"Lori Gomez                    ","372301317609503","83 6th Street","82"
"Phillip Nichols               ","30537696811525","5140 Golden Leaf Plaza","46"
"Willie Kelley                 ","3557170451781210","081 Tennessee Junction","1"
"Sarah Perkins                 ","5596178874775180","9467 Lillian Circle","69"
"Raymond Green                 ","3556032704501270","1 Calypso Point","24"
"Timothy Sanchez               ","58938070238365400","36 Northland Street","67"
"Victor Medina                 ","5174396094817010","182 Reinke Parkway","74"
"Gregory Morales               ","3555907846602990","504 Hermina Plaza","92"
"Ralph Armstrong               ","3538042089443920","86749 Redwing Drive","64"
"Brian Meyer                   ","30281955991195","59 Scoville Terrace","24"
"Carlos Mason                  ","3530866047331860","53212 Green Parkway","80"
"Amanda Banks                  ","5543573683516420","9060 Thierer Court","76"
"Katherine Matthews            ","67091626933608100","2164 John Wall Terrace","8"
"Philip Little                 ","3574457644748240","98 Sunbrook Junction","84"
"Sara Gomez                    ","201676461204020","28 Cambridge Center","64"
"Andrea Lee                    ","3581457287616080","00 Troy Trail","27"
"Ashley Bell                   ","3550346992204890","9405 Sunbrook Trail","29"
"Alice Watson                  ","3575270985070730","90 Waywood Alley","41"
"Richard Adams                 ","3588226527992560","4255 Beilfuss Crossing","72"
"Anna Butler                   ","337941403856940","2 Monument Avenue","56"
"Harold Alexander              ","3572634300745480","512 Texas Point","73"
"Donald Banks                  ","3557998010326520","193 Drewry Hill","99"
"Willie Dunn                   ","3552940530646910","1168 Dixon Terrace","4"
"Jason Porter                  ","633110731940413000","4 Columbus Point","98"
"Jason Duncan                  ","3551034853609710","06861 Maple Point","91"
"Juan Porter                   ","3583017480200150","35288 Derek Park","65"
"Deborah Carter                ","3553878752076010","7 Cody Court","44"
"Linda Diaz                    ","58935583081643600","7 Jenifer Street","13"
"Steven Jenkins                ","3546898410904340","30 Scott Terrace","22"
"Donald Collins                ","3549092985967930","64497 Sullivan Drive","94"
"Randy Martinez                ","3551124655882080","24 Sloan Court","53"
"Donald Cruz                   ","676747997282415000","357 Grasskamp Lane","33"
"Amanda Frazier                ","3531455975536670","88 Basil Parkway","91"
"Matthew Gardner               ","5020715431706740000","93708 Myrtle Terrace","30"
"Chris Chapman                 ","3540592776071820","4 Little Fleur Crossing","76"
"Paula Carr                    ","3572885601568650","8 Division Alley","57"
"Fred Gilbert                  ","30460758368138","0606 Ryan Lane","90"
"Judith Alvarez                ","3561514993381050","73 Upham Pass","83"
"Melissa Howell                ","5130018922464020","440 Onsgard Alley","31"
"Scott West                    ","5602239247880700","438 Village Road","73"
"Gerald Mitchell               ","5159279126081130","29116 Redwing Street","39"
"Angela Bennett                ","560222814322294000","5053 Logan Trail","17"
"Pamela Jones                  ","3556388904764460","304 Columbus Trail","6"
"Frances Peterson              ","4041599749272","71 Bonner Point","30"
"Sarah Barnes                  ","3583110701880110","27575 Fairfield Street","37"
"Frank Pierce                  ","5139266893825610","4674 Holmberg Lane","38"
"Amanda Porter                 ","30358870555626","074 Lyons Street","46"
"Melissa Howell                ","3580938831139460","7517 Brown Way","1"
"Wayne Holmes                  ","490530167044672000","6244 Hauk Park","82"
"Arthur Lawson                 ","3537709548047210","7 Evergreen Way","40"
"Keith Henderson               ","343540929671478","9363 Brickson Park Avenue","83"
"Aaron Mitchell                ","3587571929759020","63 Mifflin Avenue","47"
"Robert Woods                  ","3530191647419730","74 Nelson Avenue","5"
"Lillian Hicks                 ","6762692720916580","7 Lakewood Gardens Point","30"
"Bonnie Anderson               ","6706327696777810","3 Rockefeller Avenue","17"
"Rebecca Miller                ","560223692937854000","586 Center Court","42"
"Joyce Duncan                  ","36931475274639","3 Bunker Hill Plaza","58"
"Lois Allen                    ","501853920846915000","6 Oakridge Circle","78"
"Frances Rivera                ","5355235908784980","25 Melrose Alley","73"
"Virginia Rice                 ","4903276478647070","294 Boyd Place","43"
"Marilyn Weaver                ","3566348375636920","08 Lakewood Point","43"
"George Edwards                ","3535265855280340","6741 Morrow Pass","88"
"Louis Parker                  ","6373199700602500","42 Talisman Place","56"
"Russell Sanchez               ","60446165821848900","744 Gale Street","44"
"Marilyn Harrison              ","337941458297560","3 Bluejay Street","64"
"Rebecca Cook                  ","3543114376455770","9165 Mallory Parkway","81"
"Albert Collins                ","3542519195750570","9 Jackson Crossing","40"
"Sara Reynolds                 ","56022125255453000","34 Carioca Hill","59"
"James Tucker                  ","36166077923370","695 Crowley Court","99"
"Daniel Arnold                 ","3589288088870330","97 Sunbrook Lane","31"
"Susan Green                   ","3561096950831110","2618 Linden Lane","22"
"Andrea Warren                 ","4898961912894140","94 Westend Avenue","75"
"Timothy Coleman               ","3550101317896820","195 Shopko Drive","29"
"Annie Armstrong               ","3589110584821570","66823 Dennis Plaza","64"
"Julia Hudson                  ","201547962623945","6407 6th Place","88"
"Timothy Robinson              ","3536267275887940","9 Sage Hill","38"
"Anthony Watson                ","560224580002172000","53 Green Ridge Alley","50"
"Martin Gordon                 ","3541909960871630","1727 Troy Junction","12"
"Evelyn Carpenter              ","3576903438405370","70576 Linden Point","52"
"Deborah Ramirez               ","372301805013275","970 Sage Lane","14"
"Victor Ramos                  ","5550250061278580","6 Green Ridge Drive","13"
"Wanda Greene                  ","5020343712801880000","949 Del Sol Street","84"
"Rebecca Hunter                ","3554833497707360","2 Toban Parkway","47"
"Irene Hill                    ","3570131024137730","49420 Columbus Road","95"
"Joe Hughes                    ","6709051031464760","1244 Badeau Junction","5"
"Brenda Medina                 ","3532421937280040","858 Dennis Park","91"
"Shawn Arnold                  ","3545920013348190","65 Merry Circle","65"
"Craig Larson                  ","560225208643164000","6 Bunker Hill Center","61"
"Jessica Carr                  ","3548702569414330","8752 Clarendon Pass","39"
"Rose Turner                   ","3542460404201420","43831 Lakewood Place","81"
"Norma Stone                   ","5641820430323940","6167 Mcguire Lane","47"
"Paula Walker                  ","201612735485616","7 Northridge Junction","81"
"Sandra Shaw                   ","4574362823142080","90 Menomonie Plaza","14"
"Tammy Andrews                 ","4936377444794440","839 Rusk Terrace","2"
"Ashley Howell                 ","3577687795860540","07 Logan Trail","51"
"Ann Lewis                     ","3577615184063130","2530 Scott Avenue","34"
"Emily Butler                  ","4405818081856220","32338 Spohn Parkway","25"
"Nancy Campbell                ","3584134372918880","49 Dixon Pass","40"
"Tina Carter                   ","3578312768550580","079 Miller Way","54"
"Mark Chavez                   ","30240998166694","540 Arrowood Trail","11"
"Rachel Watkins                ","3577519721791070","64 Bashford Point","10"
"Gary Hall                     ","50206372712395100","86956 Knutson Place","4"
"Frank Lawrence                ","3576605325595590","0476 Stuart Hill","74"
"Raymond Green                 ","5410319606533670","3530 Northview Alley","28"
"Dennis Cox                    ","4017950627554","980 Dunning Alley","33"
"Willie Baker                  ","491102463018930000","61 Sherman Point","23"
"Paul Franklin                 ","3585340241230540","4 Garrison Drive","33"
"Julia Williamson              ","6304278783750000000","6859 Marquette Court","17"
"Patricia West                 ","50381792314597300","23 Sutteridge Road","34"
"Justin West                   ","5602210715104980","50560 Graceland Center","35"
"Fred Kennedy                  ","5048371841870100","7 Towne Center","36"
"Nicholas Powell               ","374283686922014","31480 Reindahl Lane","95"
"Christine Jenkins             ","4844021150157110","43742 Kennedy Pass","51"
"Deborah Bennett               ","3587563831017160","27125 Meadow Valley Drive","22"
"Matthew Chavez                ","3588587863112540","9877 Sachs Plaza","78"
"Catherine Elliott             ","3582647691519460","4 Jana Way","48"
"Karen Walker                  ","3561670935807360","4372 Anniversary Hill","20"
"Joshua Bailey                 ","3562917295753580","117 Center Hill","38"
"Douglas Thompson              ","5442537385879570","87 Mcguire Point","32"
"Clarence Ramos                ","3561030503348770","556 Aberg Hill","41"
"Douglas Wagner                ","490377652406734000","99 Del Sol Street","86"
"Lisa Stone                    ","30223667437778","92354 Scofield Hill","96"
"Kathleen Washington           ","5602252701856150","4 Upham Street","6"
"Sara Simpson                  ","6771255418989810","35 Monterey Terrace","66"
"Scott Henry                   ","201745643800169","101 Manitowish Street","26"
"Jose Stephens                 ","3568821244092880","3 Swallow Terrace","46"
"Randy Elliott                 ","5610420286984230","849 Fremont Park","99"
"Kathleen Ellis                ","3585376890450230","35 Charing Cross Parkway","6"
"Joseph White                  ","3571040378589040","926 Michigan Pass","45"
"Melissa Boyd                  ","67066403133991100","76069 Thompson Terrace","54"
"Richard Holmes                ","3576002173533000","6971 Scofield Pass","18"
"Alice Lawson                  ","3589909679822050","2161 Burning Wood Road","20"
"Russell Palmer                ","6304749952720380","884 Westport Street","94"
"Ryan Hart                     ","3555794660085200","42 Mallard Pass","25"
"Ridley Scott                  ","145956","2 Homewood Road","26"
"Ben Affleck                   ","147347","81866 Walton Drive","92"
"Andrzej Bartkowiak            ","99273","91 Glendale Circle","43"
"Paul Greengrass               ","49114","1 Jana Crossing","28"
"Stephen Tolkin                ","176377","1 Clemons Avenue","80"
"Pitof                         ","57589","46 Packers Terrace","7"
"Matt Reeves                   ","9614","35 Hermina Way","40"
"Vincenzo Natali               ","209879","95719 Swallow Place","66"
"Terence Young                 ","74212","6 Reindahl Park","70"
"Martin Campbell               ","76778","557 Rowland Alley","40"
"Martin Scorsese               ","288206","0400 Pankratz Pass","54"
"James Mangold                 ","196459","444 Burning Wood Junction","48"
"Tommy O'Haver                 ","212965","10535 Sommers Road","86"
"Chris Columbus                ","36844","8 Lunder Circle","48"
"Gore Verbinski                ","266604","1 Kenwood Lane","82"
"Joel Schumacher               ","80100","46624 Blackbird Hill","64"
"Patrick Tatopoulos            ","141321","5140 Arapahoe Drive","45"
"Russell Crowe                 ","105328","6 Almo Place","80"
"Panini Verlags GmbH           ","114810","8957 Orin Court","64"
"Zack Snyder                   ","286755","74084 Cody Parkway","32"
"Omar Naim                     ","207967","6855 Claremont Hill","33"
"John Glenn                    ","184080","19574 Farragut Crossing","68"
"Gary Winick                   ","258872","7763 Golf Terrace","2"
"Jay Roach                     ","41571","66224 Colorado Place","14"
"Adam Kane                     ","31930","8 Warrior Center","40"
"Ron Clements, John Musker     ","52295","258 Graedel Trail","1"
"Richard Marquand              ","65153","38395 Sachtjen Drive","31"
"Terrence Malick               ","37954","5138 Warbler Trail","31"
"Tony Goldwyn                  ","192539","75248 Summer Ridge Center","66"
"Andy Cadiff                   ","101208","2794 Corben Center","54"
"Universal Pictures            ","35656","06010 Glendale Court","39"
"Don Roos                      ","85774","595 Cambridge Hill","69"
"Pixar, Walt Disney            ","73942","621 Waxwing Center","56"
"David McNally                 ","237699","55989 Hanson Place","11"
"Quentin Tarantino             ","127800","933 Esch Court","42"
"Steve Martino, Mike Thurmeier ","996","8848 Clemons Street","87"
"Willi Forst                   ","72639","24 Karstens Crossing","48"
"Dean DeBlois, Chris Sanders   ","254117","271 Melvin Avenue","20"
"Thomas Vinterberg             ","260586","5 Superior Court","31"
"David Ellis                   ","217316","583 Continental Crossing","79"
"Christophe Gans               ","245674","9 Butternut Way","87"
"Dominic Sena                  ","164550","6 Westridge Place","65"
"Antoine Fuqua                 ","40037","41051 Eagle Crest Circle","26"
"John McTiernan                ","91447","1484 International Junction","81"
"Andrew Niccol                 ","96623","95727 Kim Point","5"
"Peter Jackson                 ","11831","12769 Hauk Lane","93"
"John Duigan                   ","19402","6741 Morrow Pass","88"
"Alexander Payne               ","14390","6 Springs Plaza","30"
"Joon-ho Bong                  ","172454","6342 Sutherland Place","28"
"Terry Jones                   ","291113","42 Talisman Place","56"
"Mark Rosman                   ","291114","73 Upham Pass","83"
"Liev Schrieber                ","267187","744 Gale Street","44"
"John Huston                   ","267179","781 Beilfuss Street","28"
"Jesús Salvador Treviño        ","230525","00 Troy Trail","27"
"Albert Hughes, Allen Hughes   ","230555","82 Northwestern Park","73"
"Eric Hufschmid                ","18996","540 Arrowood Trail","11"
"Michael Curtiz                ","39989","03 Waxwing Pass","21"
"Peter Hunt                    ","269224","68238 Doe Crossing Plaza","6"
"Emile Ardolino                ","25891","0 Canary Pass","99"
"Guy Ferland                   ","66996","8382 Pankratz Plaza","81"
"F. Gary Gray                  ","998","86956 Knutson Place","4"
"Colin Trevorrow               ","195721","0476 Stuart Hill","74"
"Vaclav Vorlicek               ","208079","47 Welch Trail","77"
"Tim Fywell                    ","220992","3530 Northview Alley","28"
"Gregory Hoblit                ","231616","1185 Blackbird Way","76"
"Ivan Reitman                  ","291212","9594 1st Trail","15"
"Mike Gabriel                  ","193729","9 Jackson Crossing","40"
"Lamberto Bava                 ","192930","4 Dryden Point","64"
"Gary Ross                     ","116724","64 Heffernan Way","7"
"Kurt Wimmer                   ","25905","29116 Redwing Street","39"
"Mira Nair                     ","994","61 Sherman Point","23"
"Richard Loncraine             ","142195","4 Garrison Drive","33"
"Marc Forster                  ","116708","92684 American Ash Park","99"
"Tim Burton                    ","116651","90 Waywood Alley","41"
"Roland Joffe                  ","995","94 Butternut Way","72"
"Detlev Buck                   ","125006","112 Straubel Place","33"
"Thomas Carter                 ","113164","17077 Lakewood Way","40"
"Joseph Kahn                   ","199528","34 Carioca Hill","59"
"Siegfried Hartmann            ","78874","83 6th Street","82"
"Mike Mitchell                 ","242948","4255 Beilfuss Crossing","72"
"Rupert Sanders                ","48439","08 Forest Center","31"
"Nigel Cole                    ","96666","2311 Boyd Trail","56"
"George Lucas                  ","107265","30816 Milwaukee Plaza","78"
"David Frankel                 ","80971","97 Sunbrook Lane","31"
"George Clooney                ","999","7 Towne Center","36"
"Guillermo Del Toro            ","16665","31480 Reindahl Lane","95"
"Jon Avnet                     ","183717","512 Texas Point","73"
"Baz Luhrmann                  ","117913","193 Drewry Hill","99"
"Rob Reiner                    ","217846","195 Shopko Drive","29"
"Terry Gilliam                 ","234691","27125 Meadow Valley Drive","22"
"Mark Steven Johnson           ","110961","5140 Golden Leaf Plaza","46"
"Ernst Marischka               ","34268","66823 Dennis Plaza","64"
"Francis Lawrence              ","109513","4 Columbus Point","98"
"Chris Wedge                   ","36305","47 Killdeer Lane","93"
"Michael Mann                  ","179168","35288 Derek Park","65"
"Roger Allers, Jill Culton     ","110112","27575 Fairfield Street","37"
"Douglas McGrath               ","91974","74103 Colorado Terrace","16"
"Simon Aeby                    ","77732","6407 6th Place","88"
"Rob Cohen                     ","1001","4402 Utah Center","60"
"The Hughes Brothers           ","52779","9 Sage Hill","38"
"Stanley Kubrick               ","27967","06 Dwight Terrace","4"
"Russell Mulcahy               ","97646","9467 Lillian Circle","69"
"Bradley Raymond               ","9087","1727 Troy Junction","12"
"Mike Nichols                  ","11151","52 Eagan Terrace","78"
"Neil Burger                   ","14760","69 Bluejay Lane","12"
"Thomas Jahn                   ","23899","05 Jana Parkway","74"
"Michael Steiner               ","26680","02168 Corben Parkway","4"
"Todd Phillips                 ","35892","5 Badeau Street","81"
"Barbra Streisand              ","11152","6005 Mockingbird Alley","22"
"Uwe Boll                      ","188915","8 Mcguire Lane","51"
"Guy Jenkin                    ","23900","98 Anhalt Point","25"
"Joe Shuster                   ","10742","8 Clove Circle","41"
"John Pasquin                  ","19158","076 Dryden Center","77"
"Ivan Engler                   ","8363","2 Kipling Pass","71"
"Jon Favreau                   ","181533","31829 Pleasure Center","100"
"Peter Chelsom                 ","16479","71245 Esker Center","77"
"Spike Lee                     ","152787","36 Sugar Pass","54"
"Anne Fletcher                 ","156854","4 Packers Circle","19"
"Tom Tykwer                    ","250990","2283 Coolidge Alley","87"
"Michael Bay                   ","1004","9703 Walton Road","3"
"Cameron Crowe                 ","282960","268 Moland Parkway","73"
"Larry Weitzman                ","253170","6 Buena Vista Drive","82"
"Shawn Levy                    ","207963","83 Pine View Court","62"
"Roger Michell                 ","270265","7 Cottonwood Alley","94"
"Garry Marshall                ","191944","819 Jana Road","28"
"Antony Hoffman                ","223844","7 North Point","66"
"Peter Mullan                  ","257459","01 American Circle","13"
"Audrey Wells                  ","197672","16 American Ash Lane","37"
"Stephen Sommers               ","74597","9863 Hoffman Court","85"
"Clare Kilner                  ","271201","078 Bonner Parkway","15"
"David L. Cunningham           ","110089","1 Johnson Point","89"
"Roger Allers                  ","62551","6529 New Castle Lane","59"
"Frank Oz                      ","254494","4 Annamark Lane","17"
"Adamson & Jenson              ","146689","58 Hauk Park","52"
"B. Cook, T. Bancroft          ","282673","98624 Portage Alley","47"
"Walt Disney                   ","103583","321 West Terrace","72"
"Frank Strecker                ","16895","2 Blue Bill Park Hill","70"
"A. Blaise, B. Walker          ","105375","015 Randy Court","45"
"Ron Howard                    ","101236","709 Kipling Point","42"
"Phillip Noyce                 ","90920","6 Moulton Drive","35"
"Peter Howitt                  ","192765","0 Tony Road","29"
"Kevin Smith                   ","275668","9826 Briar Crest Hill","85"
"Mathieu Kassovitz             ","138380","112 Ohio Street","51"
"DreamWorks                    ","219415","9920 Schurz Drive","96"
"D.J. Caruso                   ","107610","777 Twin Pines Street","28"
"Pal Sletaune                  ","190701","199 Monument Terrace","59"
"Adam Shankman                 ","190700","6535 Carioca Crossing","7"
"Richard LaGravenese           ","33073","10441 Orin Parkway","41"
"Sean Penn                     ","6966","8 Barnett Road","13"
"Stephen Daldry                ","6963","29 Hansons Drive","68"
"David Slade                   ","18959","73 Montana Road","95"
"Davis Guggenheim              ","18960","45970 Acker Park","79"
"Hans-Henning Borgelt          ","19180","28 Coolidge Road","70"
"Mennan Yapo                   ","99521","361 Browning Pass","98"
"Randy Fullmer                 ","116250","5011 Northport Alley","2"
"Paul Thomas Anderson          ","75076","023 Roxbury Plaza","86"
"Peter Weir                    ","14539","92 Lakeland Drive","96"
"Donald Crombie                ","291300","6 Ramsey Plaza","74"
"Gabriele Muccino              ","51435","73474 Eastlawn Lane","45"
"Anthony Waller                ","23452","20 Paget Court","78"
"Stephen Gaghan                ","285880","140 Rockefeller Center","56"
"Andrew Stanton                ","291929","95584 Park Meadow Crossing","26"
"US-TV-Serie                   ","66154","8 Northfield Trail","15"
"Karyn Kusama                  ","253407","642 Londonderry Hill","20"
"Steven Spielberg              ","245181","27 Union Road","39"
"Uli Edel                      ","262130","19 Porter Point","35"
"Darren Aronofsky              ","276987","97279 Beilfuss Circle","29"
"Michael Moore                 ","232546","3321 Petterle Place","10"
"Federico Fellini              ","165320","04 Old Shore Terrace","78"
"Roger Donaldson               ","41998","536 Claremont Terrace","69"
"James Cameron                 ","290105","8 Hintze Alley","94"
"Mikael Håfström               ","247547","1 Melody Way","28"
"Rawson M. Thurber             ","276064","2054 Maryland Pass","10"
"Bill Bennett                  ","24500","5189 Butterfield Trail","85"
"Terry George                  ","242491","04 Hazelcrest Plaza","67"
"Edward Norton                 ","147106","9 Warrior Crossing","85"
"Saul Dibb                     ","147146","084 Sullivan Street","97"
"Ben Sharpsteen                ","147199","762 Kings Road","61"
"Peter Lindmark                ","41436","4409 Bowman Trail","6"
"James Wong                    ","118670","90773 Hagan Circle","78"
"Bryan Singer                  ","73451","31 Evergreen Way","5"
"Peter Hewitt                  ","45503","8667 Nancy Center","30"
"Sylvester Stallone            ","58342","484 Mariners Cove Terrace","26"
"Bill Condon                   ","43949","06773 Kim Terrace","13"
"John Irvin                    ","33753","70576 Linden Point","52"
"Renny Harlin                  ","279579","970 Sage Lane","14"
"Paul Michael Glaser           ","285218","1 Calypso Point","24"
"J. J. Abrams                  ","173614","6712 Sullivan Court","87"
"Harold Becker                 ","291896","6 Green Ridge Drive","13"
"David Yates                   ","103011","13474 Debra Road","94"
"Jan De Bont                   ","281578","556 Aberg Hill","41"
"Sergio Leone                  ","268628","7 Jenifer Street","13"
"David Anspaugh                ","66343","949 Del Sol Street","84"
"Frederik Du Chau              ","71139","99 Del Sol Street","86"
"Michael Hoffman               ","183968","873 Annamark Terrace","84"
"Mick Jackson                  ","270323","2 Toban Parkway","47"
"Marc Lawrence                 ","214294","92354 Scofield Hill","96"
"Chris Hunt                    ","199538","30 Scott Terrace","22"
"Michael Apted                 ","216471","182 Reinke Parkway","74"
"Tim Robbins                   ","223853","7517 Brown Way","1"
"Jean-Francois Richet          ","136147","5 Fair Oaks Place","25"
"Bruce Beresford               ","144939","6244 Hauk Park","82"
"Tim Story                     ","101929","7 Evergreen Way","40"
"Joseph Kosinski               ","22539","101 Manitowish Street","26"
"Martha Coolidge               ","204572","805 Eastwood Trail","40"
"Clark Johnson                 ","251779","24 Sloan Court","53"
"Jonathan Mostow               ","118269","86749 Redwing Drive","64"
"Bernd Eichinger               ","151794","6 Bunker Hill Center","61"
"Sydney Pollack                ","278670","21 Bobwhite Place","34"
"Ruairi Robinson               ","101036","8752 Clarendon Pass","39"
"Mike Newell                   ","258329","3704 Everett Terrace","61"
"François Girard               ","258126","43831 Lakewood Place","81"
"Alan Parker                   ","258331","733 Pleasure Trail","81"
"Dan Scanlon                   ","258156","36355 Harbort Hill","34"
"","","",""
